<dao-config>
	<dao name="hk.hku.cecid.edi.as2.dao.PartnershipDAO">
		<class>hk.hku.cecid.edi.as2.dao.PartnershipDataSourceDAO</class>
		<parameter name="table" value="partnership" />
		<parameter name="key" value="partnership_id" />
		<parameter type="column" name="partnership_id" value="partnershipId" />
		<parameter type="column" name="subject" value="subject" />
		<parameter type="column" name="recipient_address" value="recipientAddress" />
		<parameter type="column" name="is_hostname_verified" value="isHostnameVerified" />
		<parameter type="column" name="receipt_address" value="receiptAddress" />
		<parameter type="column" name="is_sync_reply" value="isSyncReply" />
		<parameter type="column" name="is_receipt_requested" value="isReceiptRequired" />
		<parameter type="column" name="is_outbound_sign_required" value="isOutboundSignRequired" />
		<parameter type="column" name="is_outbound_encrypt_required" value="isOutboundEncryptRequired" />
		<parameter type="column" name="is_outbound_compress_required" value="isOutboundCompressRequired" />
		<parameter type="column" name="is_receipt_sign_required" value="isReceiptSignRequired" />
		<parameter type="column" name="is_inbound_sign_required" value="isInboundSignRequired" />
		<parameter type="column" name="is_inbound_encrypt_required" value="isInboundEncryptRequired" />
		<parameter type="column" name="sign_algorithm" value="signAlgorithm" />
        <parameter type="column" name="encrypt_algorithm" value="encryptAlgorithm" />
        <parameter type="column" name="mic_algorithm" value="micAlgorithm" />
        <parameter type="column" name="as2_from" value="as2From" />
		<parameter type="column" name="as2_to" value="as2To" />
        <parameter type="column" name="encrypt_cert" value="encryptCert" />
        <parameter type="column" name="verify_cert" value="verifyCert" />
        <parameter type="column" name="retries" value="retries" />
        <parameter type="column" name="retry_interval" value="retryInterval" />
        <parameter type="column" name="is_disabled" value="isDisabled" />
        <parameter type="finder" name="find_all_partnerships" value="select * from partnership order by partnership_id" />
        <parameter type="finder" name="find_partnerships_by_party_id" value="select * from partnership where upper(as2_from)=upper(?) and upper(as2_to)=upper(?) order by partnership_id" />
        <parameter type="finder" name="key" value="select * from partnership where upper(as2_from)=upper(?) and upper(as2_to)=upper(?) and trim(upper(is_disabled))='FALSE' order by partnership_id" />
	</dao>
</dao-config>
