<module id="partnership.core" name="Corvus Partnership" version="1.0">

	<component id="logger" name="Partnership Core Logger">
		<class>hk.hku.cecid.piazza.commons.util.LoggerLog4j</class>
		<parameter name="config" value="partnership.log.properties.xml" />		
		<parameter name="category" value="hk.hku.cecid.corvus" />
	</component>

	<component id="as2-daofactory" name="Partnership DAO Factory">
        <class>hk.hku.cecid.piazza.commons.dao.ds.SimpleDSDAOFactory</class>
		<parameter name="driver" value="org.postgresql.Driver" />
		<parameter name="url" value="jdbc:postgresql://localhost:5432/as2" />
		<parameter name="username" value="corvus" />
		<parameter name="password" value="corvus" />
        <parameter name="pooling" value="true" />
        <parameter name="maxActive" value="20" />
        <parameter name="maxIdle" value="10" />
        <parameter name="maxWait" value="-1" />
		<parameter name="validationQuery" value="SELECT now()" />
		<parameter name="config" value="partnership.as2-dao.xml" />
	</component>

	<component id="ebms-daofactory" name="Partnership DAO Factory">
        <class>hk.hku.cecid.piazza.commons.dao.ds.SimpleDSDAOFactory</class>
		<parameter name="driver" value="org.postgresql.Driver" />
		<parameter name="url" value="jdbc:postgresql://localhost:5432/ebms" />
		<parameter name="username" value="corvus" />
		<parameter name="password" value="corvus" />
        <parameter name="pooling" value="true" />
        <parameter name="maxActive" value="20" />
        <parameter name="maxIdle" value="10" />
        <parameter name="maxWait" value="-1" />
		<parameter name="validationQuery" value="SELECT now()" />
		<parameter name="config" value="partnership.ebms-dao.xml" />
	</component>
	
</module>
