<?xml version="1.0" encoding="UTF-8"?>
<partnership>
	<as2>
		<id>as2-loopback</id>
	  	
		<!-- MANADATORY, this is shared by different samples for sending, querying and receiving AS2 message-->
	  	<as2From>as2loopback</as2From>
		<!-- MANADATORY, this is shared by different samples for sending, querying and receiving AS2 message-->
	  	<as2To>as2loopback</as2To>
		
		<!-- partnership only -->
	  	<disabled>false</disabled>
		<isSyncReply>false</isSyncReply>
	  	<subject></subject>
		<recipientAddress>http://127.0.0.1:8080/corvus/httpd/as2/inbound</recipientAddress>
	  	<isHostnameVerified>false</isHostnameVerified>
		<receiptAddress>http://127.0.0.1:8080/corvus/httpd/as2/inbound</receiptAddress>
	  	<isReceiptRequired>false</isReceiptRequired>
		<isOutboundSignRequired>false</isOutboundSignRequired>
	  	<isOutboundEncryptRequired>false</isOutboundEncryptRequired>
		<isOutboundCompressRequired>false</isOutboundCompressRequired>
		<isReceiptSignRequired>false</isReceiptSignRequired>
	  	<isInboundSignRequired>false</isInboundSignRequired>
		<isInboundEncryptRequired>false</isInboundEncryptRequired>
  	  	<retries>1</retries>
		<retryInterval>30000</retryInterval>
	  	<signAlgorithm>sha1</signAlgorithm>
		<encryptAlgorithm>rc2</encryptAlgorithm>
		<micAlgorithm>sha1</micAlgorithm>
		<encryptCert></encryptCert>
	  	<verifyCert></verifyCert>
	</as2>
</partnership>
